file,text,nlu
case1.pdf,"2025 INSC 1084
Page 1 of 22 
 REPORTABLE  
IN THE SUPREME COURT OF INDIA  
CIVIL APPELLATE JURISDICTION  
 
CIVIL APPEAL NOs.                 /2025  
(@ SLP (C) Nos.21392 -21393/2019)  
 
UNION OF INDIA  & ORS.    APPELLANT(S)  
VERSUS  
SAJIB ROY            RESPONDENT(S)  
With  
CIVIL APPEAL NOs.                 /2025  
(@ SLP (C) Nos.21 394-21395/2019)  
 
CIVIL APPEAL NOs.                 /2025  
(@ SLP (C) Nos.21 926-21927/2019)  
 
And  
CIVIL APPEAL NOs.                 /2025  
(@ SLP (C) Nos.2 2432 -22433 /2019)  
 
J U D G M E N T  
Joymalya Bagchi, J.  
1. Leave granted.  Page 2 of 22 
 2. Appellant s have assailed common impugned judgment 
and order d ated 12.10.20181 and order d ated 
26.02.20192 whereby the respondent s-writ petitioner s 
who had applied  as reserved candidates in OBC category 
after having availed age relaxation  for the post of 
Constable (GD)  were directed to be considered for 
recruitment under unreserved category.  
3. Facts in a short compass giving rise to the appeal s are 
as follows – 
Staff Selection Commission3  published employment 
notification for recruitment of Constables (GD) in BSF, 
CRPF, ITBP, SSB, NIA and SSF and Rifleman in Assam 
Rifles  comprising physical test, written examination and 
medical examination. As per the employment 
notification , the prescribed age limit for eligible 
candidates to participate in the recruitment process was 
18 to 23 years as on 01. 08.2015 and age relaxation was 
given to various reserved candidates4. For OBC 
 
1 In WP (C) No. 277/2017, WP (C) No. 279/2017, WP (C) No. 280/2017 and WP (C) No. 
281/2017  
2 In Review Application No. 3/2019, Review Application No. 4/2019, Review Application No. 
5/2019 and Review Application No. 6/2019  
3 SSC for short  
4 Employment Notification no. F. No.3/1/2014 –P&P-I (vol-II), Para 4A  Page 3 of 22 
 candidates,  i.e., the respondents -writ petitioners , age 
relaxation was 3 years5.   
4. All the respondents -writ petitioners availed of such age 
relaxation for participation in the recruitment process.   
However, they were declared unsuccessful as they had 
scored marks  lower than the l ast selected candidate in 
the OBC category for various departments. But their 
marks were higher than the last selected candidate in 
the unreserved category for those departments. 
Claiming that they ought  to be permitted to migrate to 
the unreserved category, the respondents -writ 
petitioners  approached the High Court. Union of India 
opposed the prayer on the ground that the respondents -
writ petitioners had applied in the OBC category after 
availing age relaxation and under  such circumstances 
cannot be considere d eligible for appointment in 
unreserved category.    
5. Relying on Jitendra Kumar Singh  & Anr  v. State of UP  & 
Ors6, the High Court held that the refusal to permit 
 
5 Para 4B  of the aforementioned notification  
6 (2010) 3 SCC 119  Page 4 of 22 
 respondents -writ petitioners to migrate to the 
unreserved category though they scored higher than the 
last candidate in such category runs counter to the 
principles of merit -based recruitment in public service s 
and would be opposed to the principles of equality 
enshrined under Article 14 of the Constitution.  The 
High Court further held that relaxation s in fee and age 
for reserved candidates to participate in the selection 
process are concessions in aid of reservation and do not 
impair the ‘level-playing field ’ in the open competition, 
i.e., written examination where such candidates have 
scored more than those selected under the unreserved 
category.  
6. Subsequently , Union of India by way of a review petition 
placed on record an office memorandum no.  
36011/1/98 -Estt. (Res)  dated  01.07.1998 which inter 
alia provided that SC/ST/OBC candidates who  have 
availed relaxations in age limit, experience qualification 
or number of chances in written examinations would be 
deemed unavailable  for consideration against the 
unreserved vacancies . Notwithstanding such office Page 5 of 22 
 memorandum the High Court refused to review its 
judgment and the review petition came to be dismissed.  
7. We have heard  Mr. Shailesh Madiyal , learned senior 
counsel for the appellants and Dr. Nirmal Chopra , Mr. 
Shubhranshu Padhi  and Ms. Manika Tripathy , learned 
counsel  for the respondents -writ petitioners . 
8. The moot issue which falls for consideration is did the 
High Court err in applying the ratio in Jitendra Kumar 
(supra)  in the teeth of the office memorandum  dated 
01.07.1998 which put a clog on migration of reserved 
candidates who have availed concessions in the form of 
age relaxation  for appointment in unreserved category ?  
9. In Jitendra Kumar  (supra)  this Court was called upon to 
decide whether availing relaxation in fee s/upper age  
limit in the  reserved  category would disentitle such 
candidates from being considered for appointment in the 
unreserved seats. The Bench held such relaxation s in 
fee or age were incidental and ancillary provisions which 
made the core concept of reservation under Article 16(4) 
effective. Such enlargement of zone of  consideration by 
giving concession in fees/ upper age limit were merely a n Page 6 of 22 
 ‘aid to reservation’ and enabled the reserved candidate 
to participate with others in an open competition on 
merit. These  concessions did not  affect the level -playing 
field in the recruitment process wherein both reserved 
and unreserved candidates  competed against each other 
without handicap . The Bench elucidated as follows: - 
“75. In our opinion, the relaxation in age does not 
in any manner upset the “level playing field”. It is 
not possible to accept the submission of the 
learned counsel for the appellants that relaxation 
in age or the concession in fee would in any 
manner be i nfringement of Article 16(1) of the 
Constitution of India. These concessions are 
provisions pertaining to the eligibility of a 
candidate to appear in the competitive 
examination. At the time when the concessions 
are availed, the open competition has not 
commenced. It commences when all the 
candidates who fulfil the eligibility conditions, 
namely, qualifications, age, preliminary written 
test and physical test are permitted to sit in the 
main written examination. With age relaxation 
and the fee concession, t he reserved candidates 
are merely brought within the zone of 
consideration, so that they can participate in the 
open competition on merit. Once the candidate 
participates in the written examination, it is 
immaterial as to which category, the candidate 
belongs. All the candidates to be declared eligible 
had participated in the preliminary test as also in 
the physical test. It is only thereafter that 
successful candidates have been permitted to 
participate in the open competition. ” 
 Page 7 of 22 
 10. Having propounded the aforesaid general principles, the 
Bench proceeded to decide the case in light of  the 
relevant recruitment rules: - 
“65. In any event the entire issue in the present 
appeals need not be decided on the general 
principles of law laid down in various judgments 
as noticed above. In these matters, we are 
concerned with the interpretation of the 1994 
Act, the Instructions dat ed 25 -3-1994 and the 
G.O. dated 26 -2-1999. The controversy herein 
centres around the limited issue as to whether an 
OBC who has applied exercising his option as a 
reserved category candidate, thus becoming 
eligible to be considered against a reserved 
vacan cy, can also be considered against an 
unreserved vacancy if he/she secures more 
marks than the last candidate in the general 
category.”  
 
11. It is clear that the decision in Jitendra Kumar  (supra) 
is not founded on the general principles but on the 
interpretation of the relevant statute7, government 
order8 and instructions9 regulating the selection 
process. It may not be out of place to note Section 8 (1) 
of the  1994 Act  empowered the State Go vernment to 
grant concessions in respect of age limit , fees for 
reserved categories in any competitive examination or 
 
7 The U.P. Public Services (Reservation for Scheduled Castes, Scheduled Tribes and Other 
Backward Classes) Act, 1994  (1994 Act for short)  
8 GO dated 26. 02.1999  
9 Instructions dated 25.03.1994  Page 8 of 22 
 interview.  The g overnment instruction s dated 
25.03.1994  permitted reserved candidates availing such 
concession s to be adjusted against unreserved seats10. 
12. In light of such government instruction s the Bench  
held:-   
“72. …… From the above it becomes quite 
apparent that the relaxation in age -limit is 
merely to enable the reserved category 
candidate to compete with the general 
category candidate, all other things being 
equal. The State has not treated the 
relaxation in age and fee as relaxation in the 
standard for selection, based on the merit of 
the candidate in the selection test i.e. main 
written test followed by interview. ”  
 
13. The ratio in Jitendra Kumar  (supra) is clearly 
distinguishable on facts.  The recruitment process at 
hand is regulated by office memorandum dated 
01.07.1998  which bars the migration of a reserved 
candidate. Office memorandum reads as follows :- 
""No.36011/1/98 -Estt. (Res)  
Ministry of Personnel, P.G. & Pensions  
Department of Personnel & Training  
New Delhi Dated 01.07.1998  
OFFICE MEMORANDUM  
 
10 4. If any person belonging to reserved categories is selected on the basis of merits in open 
competition along with general category candidates, then he will not be adjusted towards 
reserved category, that is, he shall be deemed to have been adjusted agai nst the unreserved 
vacancies. It shall be immaterial that he has availed any facility or relaxation (like relaxation 
in age -limit) available to reserved category.  Page 9 of 22 
 Subject: Relaxations and concessions for SCs 
and STs  clarification regarding.  
 
The undersigned is directed to refer to this 
Department's O.M.No.36012/13/88 -Estt. (SCT) 
dated May 22, 1989 and to clarify that the 
instructions contained in the C.M. apply in all 
types of direct recruitment whether by written 
test alone or written test fo llowed by interview or 
by interview alone.  
 
2. O.M. dated May 22, 1989 referred to above and 
the 
O.M. No. 36012/2/96 -ESTT(RES) dated July 2, 
1997 provide that in cases of direct recruitment, 
the SC/ST/OBC candidates who are selected on 
their own merit will not be adjusted against 
reserved vacancies.  
3. In this connection, it is clarified that only such 
SC/ST/OBC candidates who are selected on the 
same  standard as applied to general candidates 
shall not be adjusted against reserved vacancies. 
In other words, when a relaxed standard is 
applied in selecting an SC/ST/OBC candidates 
for example in the age limit,  experience 
qualification, permitted number of chances in 
written examination, extended zone of 
consideration larger then what is provided for 
general category candidates etc. the SC/ST/OBC 
candidates are to be counted against reserved 
vacancies. Such candi dates would be deemed as 
unavailable for consi deration against unreserved 
vacancies.  
 
14. It may be apposite to bear in mind the respondents -writ 
petitioners have without demur participated in the 
selection process and had not called in question the Page 10 of 22 
 constitutional validity of the aforementioned office 
memorandum . 
15. Given this situation, t he High Court erred in 
mechanically applying the ratio in Jitendra Kumar 
(supra) to the present case without appreciating the 
difference in the factual matrix of the present case with 
the cited authority . While in Jitendra  Kumar (supra)  the 
government instruction s dated 25.03.1994  expressly 
permitted reserved candidates who have availed 
relaxation in fees/upper age limit  etc. to be considered  
for appointment  in unreserved category , office 
memorandum dated 01.07.1998 clearly barred such 
migration in the event the reserved candidates had 
availed relaxation s in age , experience qualification, etc.   
16. It is trite the ratio in a judgment must be read in the 
facts of a particular case and cannot have universal 
application.  In Quinn v. Leathem11, Lord Halsbury 
remarked: - 
“….there are two observations of a general 
character which I wish to make, and one is to 
repeat what I have very often said before, that 
every judgment must be read as applicable to the 
particular facts proved, or assumed to be proved, 
 
11 [1901] AC 495  (HL) Page 11 of 22 
 since the generality of the expressions which may 
be found there are not intended to be expositions 
of the whole law, but governed and qualified by 
the particular facts of the case in which such 
expressions are to be found. The other is that a 
case is only  an authority for what it actually 
decides. I entirely deny that it can be quoted for 
a proposition that may seem to follow logically 
from it. Such a mode of reasoning assumes that 
the law is necessarily a logical code, whereas 
every lawyer must acknowledg e that the law is 
not always logical at all.”  
 
17. In Haryana Financial Corporation & Anr v. Jagdamba Oil 
Mills & Anr12, the Court held: - 
“21. Circumstantial flexibility, one additional or 
different fact may make a world of difference 
between conclusions in two cases. Disposal of 
cases by blindly placing reliance on a decision is 
not proper.  
 
22. The following words of Hidayatullah, J. in the 
matter of applying precedents have become locus 
classicus: (Abdul Kayoom  v. CIT, AIR p. 688, para 
19) 
 
“19. … Each case depends on its own 
facts and a close similarity between one 
case and another is not enough because 
even a single significant detail may alter 
the entire aspect. In deciding such 
cases, one should avoid the temptation 
to decide cases (as sa id by Cardozo) by 
matching the colour of one case against 
the colour of another. To decide, 
therefore, on which side of the line a 
case falls, the broad resemblance to 
another case is not at all decisive.”  
***    ***   *** 
  *** 
 
12 (2002) 3 SCC 496  Page 12 of 22 
 “Precedent should be followed only so 
far as it marks the path of justice, but 
you must cut the dead wood and trim 
off the side branches else you will find 
yourself lost in thickets and branches. 
My plea is to keep the path to justice 
clear of obstructions  which could 
impede it.”  
 
18. Whether the general observations in Jitendra Kumar  
(supra ) could  be treated as a binding precedent in 
respect of recruitment process where such migration is 
not permitted is no longer res integra .  
19. In Deepa E . V. v. Union of India  & Ors13, a two judge 
Bench of this Court taking note of self -same office 
memorandum  applicable in the present cas e held the  
ratio in Jitendra Kumar (supra) pertained to 
interpretation of the 1994 Act and government 
instructions  dated 25.03.1994  and general principles 
made therein were inapplicable to a recruitment process 
where such migration is not permitted. The Bench 
observed :- 
“8. The learned counsel for the appellant mainly 
relied upon the judgment of this Court 
in Jitendra Kumar Singh  v. State of U.P, which 
deals with the U.P. Public Services (Reservation 
for Scheduled Castes, Scheduled Tribes and 
Other Backward Classes) Act, 1994 and 
 
13 (2017) 12 SCC 680  Page 13 of 22 
 Government Order dated 25 -3-1994. On a 
perusal of the above judgment, we find that there 
is no express bar in the said U.P. Act for the 
candidates of SC/ST/OBC being considered for 
the posts under general category. In such facts 
and circumstances of the sa id case, this Court 
has taken the view that the relaxation granted to 
the reserved category candidates will operate a 
level playing field. In the light of the express bar 
provided under the proceedings dated 1 -7-1998 
the principle laid down in  Jitendra Kum ar 
Singh  cannot be applied to the case in hand.  
 
10. Having regard to the observations in paras 65 
and 72, in our view, the principles laid down 
in Jitendra Kumar Singh  cannot be applied to the 
case in hand. As rightly pointed out by the High 
Court that the judgment in  Jitendra Kumar 
Singh  was based on t he statutory interpretation 
of the U.P. Act, 1994 and Government Order 
dated 25 -3-1994 which provides for entirely a 
different scheme. ” 
 
20. Considering similar embargo14 in the recruitment 
process , another Coordinate Bench in Gaurav Pradhan  
& Ors  v. State of Rajasthan  & Ors15, held general 
observations in Jitendra Kumar  (supra) shall not come 
in aid of reserved candidates who have availed age 
relaxation to migrate to general category. The Bench 
observed as follows :- 
“32. We are of the view that the judgment of this 
Court in  Jitendra Kumar Singh  which was based 
on statutory scheme and the Circular dated 25 -
3-1994 has to be confined to scheme which was 
 
14 Para 6.2 of circular dated 24.06.2008  
15 (2018) 11 SCC 352  Page 14 of 22 
 under consideration, statutory scheme and 
intention of the State Government as indicated 
from the said scheme cannot be extended to a 
State where the State circulars are to the contrary 
especially when there is no challenge before us to 
the converse scheme  as delineated by the 
Circular dated 24 -6-2008.”  
 
21. These views have been reiterated in Niravkumar 
Dilipbhai Makwana v. Gujarat Public Service Commission 
& Ors16 and affirmed by a three judge Bench in 
Government  (NCT of Delhi)  & Ors  v. Prad eep Kumar  & 
Ors17. 
22. On the other hand , respondent s-writ petitioners have 
relied on Vikas Sankhala  & Ors v. Vikas Kumar Agarwal 
& Ors18, Saurav Yadav  & Ors v. State of UP & Ors19, 
Ajithkumar  P. & Ors. v. Remin K . R. & Ors20 and Sadhana 
Singh Dangi  & Ors v. Pinki Asati & Ors21, to sustain  the 
view of the High Court that the migration of the reserved 
candidate who ha s scored higher than the last  selected 
unreserved candidate is permissible .  Respondents -writ 
petitioners argue that a  bar to migration would be in 
 
16 (2019) 7 SCC 383  
17 (2019) 10 SCC 120  
18 (2017) 1 SCC 350  
19 (2021) 4 SCC 542  
20 (2015) 16 SCC 778  
21 (2022) 12 SCC 401  Page 15 of 22 
 violation  of the principles of equality  under Article 14 
and counter to maintenance of  efficiency of 
administration enshrined under Article 335 of the 
Constitution.  
23. In Vikas Sankhala  (supra ), the State government had 
relaxed the minimum pass mark s in Teacher Eligibility 
Test22 by 10 percent to 20 percent for various reserved 
categories in the matter of recruitment of primary 
teachers.  It was contended such relaxation was contrary 
to the extant reservation policy of the State and 
migration of such candidates who availed concession for 
recruitment to unreserved categories was illegal . 
Reserved candidates relied on a circular d ated 
11.05.2011 which permitted such migration. Holding 
that the said circular was issued after the recruitment 
process had commenced and migration was barred as 
per earlier circulars, the High Court held appointment 
of reserved candidates availing concession  in qualifying  
marks in TET against unreserved seats  was 
impermissible.   
 
22 TET for short  Page 16 of 22 
 24. This Court analysed the concession given to reserved 
candidates with regard to qualifying marks in TET in the 
context  of the recruitment rules  which inter alia  
prescribed a uniform addition of 20 percent of TET 
marks to the final score of each candidate . 
Consequently , the reserved candidates who secured 
lesser marks in TET would not get any additional 
advantage vis-à-vis general candidates in computing the 
final scores irrespective of the lowering of the qualifying 
marks in TET.  The Bench clarified this issue as follows :- 
“80. …..One of the heads is “marks in TET”. So 
far as this head is concerned, 20% of the marks 
obtained in TET are to be assigned to each 
candidate. Therefore, those reserved category 
candidates who secured lesser marks in TET 
would naturally get less mark s under this head. 
We would like to demonstrate it with an example 
: Suppose a reserved category candidate obtains 
53 marks in TET, he is treated as having qualified 
TET. However, when he is considered for 
selection to the post of primary teacher, in 
respe ct of allocation of marks he will get 20% 
marks for TET. As against him, a general 
candidate who secures 70 marks in TET shall be 
awarded 14 marks in recruitment process. Thus, 
on the basis of TET marks reserved category 
candidate has not got any advantage  while 
considering his candidature for the post. On the 
contrary, “level -playing field” is maintained 
whereby a person securing higher marks in TET, 
whether belonging to general category or reserved 
category, is allocated higher marks in respect of 
20% of TET marks. Thus, in recruitment process 
no weightage or concession is given and Page 17 of 22 
 allocation of 20% of TET marks is applied across 
the board. Therefore, the High Court is not 
correct in observing that concession was given in 
the recruitment process on  the basis of  relaxation 
in TET.”  
 
25. In this backdrop , the Bench held irrespective of the 
applicability of circular dated 11.05.2011 relaxation in 
TET qualifying marks does not amount to a concession 
which would disentitle migration of reserved candidates 
against unreserved seats.  The Bench opined :-  
“81. Once this vital differentiation is understood, 
it would lead to the conclusion that no concession 
becomes available to the reserved category 
candidate by giving relaxation in pass marks in 
TET insofar as recruitment process is concerned. 
It only enable s them to compete with others by 
allowing them to participate in the selection 
process. In this backdrop, irrespective of the 
Circular dated 11 -5-2011, the reserved category 
candidates who secured more marks than marks 
obtained by the last candidate select ed in general 
category, would be entitled to be considered 
against unreserved category vacancies. However, 
it would be subject to the condition that these 
candidates have not availed any other concession 
in terms of number of attempts, etc., except on 
fee and age.”  
 
It may also be apposite to note that the earlier  circulars 
applicable to the selection process23 did not put a 
restriction on selection of the reserved candidate 
availing concession in TET marks for appointment in 
 
23 See Para 73 and 74 in Vikas Sankhala  (supra)  Page 18 of 22 
 unreserved seats provided they scored higher than the 
last selected unreserved candidate.  
26. In Ajithkumar  (supra)  the issue which fell for 
consideration  was the power of the recruiting authority 
to conduct a preliminary examination in order to 
shortlist candidates and not the right of a reserved 
candidate seeking relaxation to migrate to unreserved 
category.  
27. In Saurav Yadav  (supra) the issue which fell for decision 
was whether women OBC candidates could be adjusted 
against vacancies in the women general category. The 
case involved an interplay between vertical reservation 
and horizontal reservation for women.  Lalit J. , (as His 
Lordship then was ) permitted the migration holding that 
the candidates in question had not availed of any special 
benefit which may disentitle them from being considered 
against general category seats :- 
“42. We must also clarify at this stage that it is 
not disputed that Applicant 1 and other similarly 
situated candidates are otherwise entitled and 
eligible to be appointed in “Open/General 
Category” and that they have not taken or availed 
of any special b enefit which may disentitle them 
from being considered against “Open/General 
Category” seat. The entire discussion and Page 19 of 22 
 analysis in the present case is, therefore, from 
said perspective.”  
  
28. Supplementing this view, Ravindra Bhat J. held that :- 
“65. ….it is too late in the day for the respondent 
State to contend that women candidates who are 
entitled to benefit of social category reservations, 
cannot fill open category vacancies. The said view 
is starkly exposed as misconceived, because it 
would result in such women candidates with less 
merit (in the open category) being selected, and 
those with more merit than such selected 
candidates, (in the social/vertical reservation 
category) being left out of selection.”  
 
29. However , such observations were premised on the fact 
that there was no rule, or direction which prohibit ed the 
adjustment of socially reserved categories of women in 
the general category or open category24. 
30. In Sadhana Singh Dangi  (supra), the Court again looked 
into migration of women candidates availing horizontal 
reservation from reserved i.e. OBC category to 
unreserved category.   The recruitment process 
permitted migration in vertical reservation but stated 
that the horizontal reservation for women is 
compartmentalised. Referring to the observations of 
Ravindra Bhat J. in Saurav Yadav  (supra) the Bench 
 
24 See Para 57 in Saurav Yadav  (supra)  Page 20 of 22 
 reversed the decision of the High Court barring 
migration in horizontal category, observing as follows :- 
“22. It is true that the leading judgment 
in Saurav Yadav  [Saurav Yadav  v. State of U.P. , 
considered the matter from a general plane but 
the concurring judgment authored by S. 
Ravindra Bhat, J. did additionally consider the 
issue from the perspective of absence of any 
statutory rules in the field. It is also true that in 
the instant case, the re are rules occupying the 
field and the case would be a fortiori, but we need 
not enter into that arena as, in our view, the 
general propositions laid down in  Saurav 
Yadav  by themselves are sufficient to take care of 
the controversy which has arisen in the instant 
matters.  
 
23. The law laid down in  Saurav Yadav  is very 
clear that even while applying horizontal 
reservation, the merit must be given precedence 
and that if the candidates who belong to SCs, STs 
and OBCs have secured higher marks or are more 
meritorious, they must be considered against the 
seats meant  for unreserved candidates.  
 
These observations in Sadhana Singh Dangi  (supra)  
must be read in the factual matrix of the case which 
permitted migration of candidates in vertical reservation  
unlike the present case.  
31.  In Bharat Sanchar Nigam Limited & Anr. v. Sandeep 
Chaudhary & Ors25, the cut off marks was reduced for 
both OBC and general candidates and no special 
 
25 (2022) 11 SCC 779  Page 21 of 22 
 concession was given to OBC candidates.  Under these 
circumstances, the Court permitted the OBC candidates 
who had scored higher marks than the last selected 
candidate in the general category to avail unreserved 
seats.   
32. On an analysis of the aforecited  cases, we summarise  as 
follows:  
Whether a reserved candidate who has availed 
relaxation in fees /upper age limit  to participate in  open 
competition with general candidate s may be recruited 
against unreserved seats would depend on the facts of 
each case.  That is to say , in the event there is no 
embargo in the recruitment rules/employment 
notification, such reserved candidates who have scored 
higher than the last selected unreserved candidate shall 
be entitled to migrate and be recruited against 
unreserved seats. However,  if an embargo is imposed 
under relevant recruitment rules, such reserved 
candidates  shall not be permitted to migrate to general 
category seats.  Page 22 of 22 
 33. Accordingly , we hold as the respondents -writ petitioners 
had availed concession of age for participating in the 
recruitment process, in the teeth of office memorandum 
dated 01.07.1998 , the High Court was wrong in applying 
the ratio in Jitendra Kumar (supra) and permit ting them 
to be considered for appointment in  the unreserved 
category . Consequently, we set aside the common 
impugned judgment and order  dated 12.10.2018 and 
order dated 26.02.2019 and allow the appeals.  Pending 
application(s) if any, stand disposed of.  
 
………………………………………., J  
(SURYA KANT ) 
 
 
………………………………………, J  
(JOYMALYA BAGCHI ) 
New Delhi , 
September 09 , 2025 . 
 ","{""usage"": {""text_units"": 3, ""text_characters"": 28281, ""features"": 2}, ""language"": ""en"", ""keywords"": [{""text"": ""age relaxation"", ""relevance"": 0.590233, ""count"": 4}, {""text"": ""various reserved candidates"", ""relevance"": 0.578719, ""count"": 1}, {""text"": ""OBC category"", ""relevance"": 0.572959, ""count"": 3}, {""text"": ""such circumstances"", ""relevance"": 0.565857, ""count"": 1}, {""text"": ""aforesaid general principles"", ""relevance"": 0.56156, ""count"": 1}, {""text"": ""Jitendra Kumar Singh  & Anr"", ""relevance"": 0.552005, ""count"": 1}, {""text"": ""respondent s-writ petitioner s"", ""relevance"": 0.550061, ""count"": 1}, {""text"": ""recruitment process"", ""relevance"": 0.548904, ""count"": 11}, {""text"": ""High Court"", ""relevance"": 0.543945, ""count"": 8}, {""text"": ""unreserved category"", ""relevance"": 0.543803, ""count"": 8}], ""entities"": [{""type"": ""Person"", ""text"": ""Jitendra Kumar"", ""relevance"": 0.949324, ""count"": 9, ""confidence"": 0.999991}, {""type"": ""Date"", ""text"": ""2019"", ""relevance"": 0.770245, ""count"": 9, ""confidence"": 0.932533}, {""type"": ""Number"", ""text"": ""01.07"", ""relevance"": 0.592845, ""count"": 4, ""confidence"": 0.9984}, {""type"": ""Number"", ""text"": ""25.03"", ""relevance"": 0.54016, ""count"": 4, ""confidence"": 0.9984}, {""type"": ""Organization"", ""text"": ""SLP"", ""relevance"": 0.483522, ""count"": 4, ""confidence"": 0.999387}, {""type"": ""Date"", ""text"": ""2017"", ""relevance"": 0.482761, ""count"": 5, ""confidence"": 0.85326}, {""type"": ""Date"", ""text"": ""2025"", ""relevance"": 0.455477, ""count"": 4, ""confidence"": 0.96577}, {""type"": ""Date"", ""text"": ""1994"", ""relevance"": 0.446438, ""count"": 9, ""confidence"": 0.999951}, {""type"": ""Organization"", ""text"": ""Union of India"", ""relevance"": 0.408311, ""count"": 2, ""confidence"": 0.529145}, {""type"": ""Organization"", ""text"": ""High Court"", ""relevance"": 0.404107, ""disambiguation"": {""subtype"": [""MusicalGroup"", ""MusicalArtist""], ""name"": ""The_High_Court"", ""dbpedia_resource"": ""http://dbpedia.org/resource/The_High_Court""}, ""count"": 8, ""confidence"": 0.990885}]}"
case2.pdf,"2025 INSC 1018
1 
 REPORTABLE  
IN THE SUPREME COURT OF INDIA  
INHERENT/ CIVIL ORIGINAL / 
EXTRAORDINARY  APPELLATE JURISDICTION  
 
SUO MOTO WRIT PETITION(CIVIL) NO(S) . 5 OF 2025  
 
IN RE: “CITY HOUNDED BY STRAYS, KIDS PAY 
PRICE ” 
 
WITH  
  
WRIT PETITION(CIVIL) NO(S). 784 OF 2025  
 
SLP(CIVIL) NO(S) . 14763 OF 2024  
AND  
SLP(CIVIL) NO(S). 17623 OF 2025  
O R D E R  
BY THE COURT  
 
1. A Bench of two Hon’ble Judges of this Court 
took suo moto cognizance on 28th July 2025 , of a 
news report published in The Times of India, Delhi 
Edition, titled “ City Hounded by Strays , Kids Pay 
Price”.1 
 
1 Koushiki Saha, “ Delhi hounded by strays, kids pay price: Girl (6) dies of 
rabies after dog attack, family alleges official apathy ”, (Time of India, 28 
July, 2025) can be accessed here < 
https://timesofindia.indiatimes.com/city/delhi/delhi -hounded -by-
strays -kids-pay-price -girl-6-dies-of-rabies -after-dog-attack -family -alleges -
official -apathy/articleshow/122938488.cms >  2 
 2. Pursuant to the  taking of  suo moto  cognizance, 
the matter came to be listed before the Bench on 11th 
August 2025 , on which , the following directions were 
issued:  - 
“12. For the present, the aforesaid directions shall be 
complied with and implemented scrupulously. We, at 
the cost of repetition, again make it abundantly clear to 
the above concerned authorities in clear words that it 
shall at the earliest: - 
(i) Start picking up and rounding the stray dogs from 
all localities of Delhi, Ghaziabad, NOIDA, Faridabad, 
Gurugram as well as areas on the outskirts, and 
relocate these dogs into designated 
shelters/pounds.  
(ii) The appropriate authorities of NCT of Delhi, 
NOIDA, Ghaziabad, Gurugram & Faridabad are 
directed to immediately create dog shelters/pounds 
and report to this Court the creation of such 
infrastructure all over the National Capital Region 
(NCR).  A report in this regard shall be filed before this 
Court within a period of eight -weeks.  
(iii) In no circumstances, should these stray dogs 
after their relocation be once again released back 
onto the streets.  In this regard proper records should 
be maintained by the concerned authorities regularly.  
(iv) The stray dogs shall be captured, sterilized, 
dewormed and immunized as required by Animal 
Birth Control Rules, 2023 and as noted above, shall 
not be released back.  The dog shelters/pounds should 
have sufficient personnel to sterilize, deworm and 
immunize stray dogs and also for looking after the stray 
dogs who would be detained.  
(v) We further make it clear that both the exercise of 
rounding up of stray dogs as well as the creation of 
necessary infrastructure in the form of 
shelters/pounds for the relocation, sterilization, 3 
 deworming and immunization, shall be undertaken 
simultaneously.  We do not want to hear about even a 
semblance of lethargy from the concerned authorities 
on the pre -text of awaiting the creation of 
shelters/pounds, otherwise, we will proceed to take 
strict action against these authorities. All authorities 
are directed to immediately begin the picking up 
stray dogs and in the same breadth creation of 
appropriate and adequate shelter homes and pounds 
across the National Capital Region.  
13. Any hindrance or obstruction that may be 
caused by any individual or organization in the 
smooth and effective implementation of our 
aforesaid directions will be viewed as contempt of 
this Court and we shall proceed to take appropriate 
action in accordance with law. ” 
                                                     (Emphasis supplied)  
 
3. It may be noted  that, in the intervening period, 
several  interlocutory applications for intervention 
came to be  filed purportedly by individuals and 
organisations working for the  welfare of the stray 
dogs2, seeking a stay on the directions contained in 
the order dated 11th August, 2025.   
4. The issue involved in the se petitions placed 
before the three -Judge Bench  centres  around the 
right of the stray  dogs to live on the streets, vis-à-vis, 
the safety and security of the citizens particularly the 
kids and elderly  people  from the se very  stray  dogs, 
many of whom are suspected to be infected with the 
 
2 Hereinafter, referred to as ‘animal  lovers’.  4 
 communicable  disease , i.e., rabies. It is indisputable 
that human beings b itten by rabi d dogs suffer 
indescribably , and many times, the infection  prove s 
to be  fatal.   
5. For better understanding, a brief description of 
the issues raised in the other petitions apart from the 
Suo Moto Writ Petition  listed before us is necessary.  
6. Special Leave Petition (Civil) No. 14763 of 20243 
lays a challenge to the order  dated 18th August, 2023  
passed by the High Court of Delhi , wherein the 
Division Bench expressed its satisfaction over the 
task of sterili sation  and immuni sation  of street dogs 
being undertaken by the Government of National 
Capital Territory of Delhi (‘GNCTD ’) and Municipal 
Corporation of Delhi  (‘MCD’) . Being dissatisfied with 
the aforesaid order , the Conference for Human Right s 
(India)  (Regd.) , a non -governmental organisation,  has 
filed the aforesaid special leave petition . 
7. Special Leave Petition (Civil) No. 17623 of 20254 
arises from the judgment dated 3rd March, 2025 
 
3 Titled as ‘ Conference for Human Rights (India) (Reg d.) v. Union of India  and 
Ors.’ 
4 Titled as ‘ Reema Shah v. The State of Uttar Pradesh & Ors. ’ 5 
 passed by the Division Bench of the High Court of 
Judicature at Allahabad , which was dealing with the 
Writ Petition5 filed by a resident of NOIDA, District 
Gautam Buddha Nagar , Uttar Pradesh , who was 
aggrieved by the harassment faced during the feeding 
of the community dogs. The Division Bench observed 
that the concern s raised in the petition w ere 
regulated by the Animal Birth Control Rules, 20 236, 
which provide for capturing , sterili sation , and 
immuni sation  of street dogs  as well as the measures 
to be taken for the feeding of the community dogs . 
The Division Bench closed the writ petition , with a 
direction to the concerned authorities to ensure that 
necessary steps are taken in public interest to 
subserve  the cause raised therein , and while doing 
so, the interest  of the common man in moving on the 
streets  must also  be factored in . 
8. While the aforesaid special leave petitions were 
pending  before this Court , the mandatory directions 
in the terms indicated above came to be passed in the 
Suo Moto Writ P etition  (Civil) No. 5 of 2025 . 
 
5 WRIT -C No. 6572 of 2023.  
6 Hereinafter, referred to as “ABC Rules .” 6 
 9. Various Non-governmental Organizations 
(NGOs) and individuals , stating  to be animal lovers , 
claim to be aggrieved by the mandatory directions 
issued  vide order dated 11th August, 2025 . They  
sought the intervention of Hon’ble the Chief Justice 
of India on the premise that the said directions  are in 
conflict with the mandate of the ABC Rules and are 
also impossible to comply  with. One such individual 
has filed Writ Petition (Civil) No. 784 of 2025 , seeking 
a direction that the status quo should be maintained 
during the pendency of the said writ petition.  
10. Under the directions of Hon’ble the Chief 
Justice of India, all these  matter s have been clubbed 
and listed before the three -Judge Bench  to consider 
the prayer for staying the mandatory directions 
passed by this Court  vide order dated  11th August, 
2025  and to deal with the concern s which have been 
raised  by animal lovers and to test the feasibility of 
implementation of the aforesaid directions in 
practice.  
11. It has been vehemently and fervently urged ‘Una 
Voce’ by the learned counsel  appearing on behalf of 
the self -acclaimed animal lovers and the NGOs 7 
 (applicants before this Court) , that the direction not 
to release the stray dogs to the original locations  from 
where they would be  picked up , after their 
sterili sation  and immunisation , is in clear violation of 
Rule 11( 19) of the ABC  Rules framed under the 
provisions of the Prevention of Cruelty to Animals 
Act, 1960 . It was submitted that , under the  said Rule, 
the concerned authorities are mandated to ster ilise 
and immunise  the stray dogs  and to release them in 
the same area from which they were picked up . 
12. It was further submitted that under the garb of  
order dated 11th August, 2025, the municipal 
authorities have already started rounding up the 
stray dogs . Not only this, the animal lovers, who feed  
the stray  dogs,  are being harassed and threatened 
with prosecution.  
13. It was strenuously  submitted that the direction 
to initiate  contempt  proceedings against the animal 
lovers amounts to a direct  encroachment upon  the 
Fundamental Right to Freedom of Expression  
guaranteed to  the citizens  under  Article 19 of the 
Constitution of India.   8 
 14. It was further submitted that there is an 
imminent risk that the str ay dogs who are being 
picked up in compliance with this Court’s order may 
be culled because the municipal authorities  are not 
seized of the logistic capability and wherewithal to 
create  the large number of  dog shelters /pounds , 
which would be required to  cater  lakhs of stray dogs 
estimated to be present on the streets of New Delhi 
and NCR region. Since the municipal authorities  do 
not have the required capacity, there is a looming  
possibility that the stray dogs, after being picked up, 
would be eliminated so as to show compliance of the 
order dated 11th August, 2025.  It was also submitted 
that almost 700 stray dogs have already been picked 
up, and there is no information as to the fate of the 
said stray dogs. They apprehend that a large 
population of stray dogs , which m ight also include 
newborn  puppies , is likely to be affected and may lose 
their lives if the directions given by this Court are not 
stayed.  
15. Per contra , Shri Tushar Mehta, learned Solicitor 
General  of India,  appearing for the GNCTD urged that 
the municipal authorities and the State authorities  9 
 are taking all measures to curb the instance s of dog 
bites and to vaccinate the rabies infected dogs but the 
task is herculean and almost impossible consider ing 
the huge population  of str ay dogs on the streets  of 
Delhi and NCR region . However, Shri Mehta urged 
that GNCT D is keen to comply with the order dated 
11th August, 2025 , so that the threat faced by the 
human population from the rabi d and aggressive 
stray dog population on the streets can be addressed.  
16. Shri Mehta  referred to certain  newspaper 
reports which estimate that approximately 3 7,15,713  
dog bites occurred in India in 2024 , and in several  
cases,  human lives were lost due to  trauma and 
rabies  infection . The report s mention that the 
presence  of aggressive str ay dogs on streets is 
causing grave risk to the lives of children and elderly  
people , as well as other vulnerable sections  of society. 
They are  unable to access streets and parks because 
of the fear of being attacked and bitten  by the rabies -
infected stray dogs.  
17. Learned Solicitor General , further  submitted 
that ster ilisation alone is insufficient, as it can 
neither prevent attacks from stray dogs nor can it 10 
 prevent the rabies infection by dog bites because the 
immunised dogs with aggressive behaviour would 
still be capable of attacking and causing severe harm 
to the vulnerable citizens , if these animals are 
allowed to remain on the streets. He further 
submitted that the directions given by this Court in 
Suo Moto Writ Petition do not impinge upon the 
statutory framework but rather operate as interim 
measure s essentially required to protect the Right to 
Life of the citizens guaranteed under Article 21 of the 
Constitution of India.  
18. Shri Mehta submitted that, for the time being, 
and till the population  of stray dogs on the streets is 
brought under control,  the directions  issued  by this 
Court vide order dated 11th August 2025 , should  be 
allowed to remain in force. Tapering down of these 
measures can be considered once the statistics 
pertaining to the procedure of ster ilisation and 
immunisa tion undertaken in compliance with the 
mandatory  directions are placed on record  and the 
situation improves.  11 
 19. We have given our thoughtful consideration to 
the submissions advanced at Bar and have gone 
through the  order dated 11th August, 2025 . 
20. Let notice be issued in Writ Petition (Civil) No. 
784 of 2025 and Special Leave Petition (Civil) No. 
17623 of 2025.  
21. We shall now proceed to consider as to whether 
the directions given by a two -Judge Bench of this 
Court on 11th August, 2025 ( supra ) in the Suo Moto 
Writ Petition require any clarification/modification or 
whether the authorities concerned including the 
Government of NCT of Delhi, the Municipal 
Corporation of Delhi, the New Delhi Municipal 
Council and the civic bodies of NOIDA, Ghaziabad, 
Faridabad and Gurugram should  be mandated to 
expeditiously comply with the directions contained in 
the said order.  
22. Suo moto  cognizance was taken by the two-
Judge Bench of this Court vide order date d 28th July, 
2025  and on the very next listing , i.e., on 11th August, 
2025, the mandatory directions (supra ) were issued 
to the concerned authorities.  12 
 23. We make it clear that there is not even the 
slightest doubt in our minds that the intent behind 
the order is salutary inasmuch as  it works towards 
protect ing the citizens at large from the attacks by 
the aggressive and rabid stray dogs. However, there 
are certain vital factors  that call for a balancing 
exercise so that the order dated 11th August, 2025 , 
can be taken to its logical conclusion while keeping 
its ambit  within the contour of the legal framework, 
i.e., the ABC Rules, 2023.  
24. The two -Judge Bench in para 12(iii)  and 12(iv)  
of its order  has directed that the stray dogs shall be 
captured, sterilised, dewormed , and immunised as 
per the ABC Rules , but “they shall in no 
circumstance be  released back  onto the streets .” 
There is a further  mandate in the order that all the 
rounded -up str ay dogs shall be kept in the 
shelters/pounds without there being any scope for 
release.  
25. The framework of the ABC Rules, to be specific, 
Rule 11(19) clearly provides that once the stray dogs 
have been sterilised , inoculated , and dewormed, they 13 
 have to be released back in the same locality  from 
which they were picked up . 
26. The directions given in paras 12(iii)  and 12(iv)  
are for ensuring that t he same number of stray  dogs 
does not land back on the streets as were picked up 
for ster ilisation and immunisation , as this would 
literally become a vicious circle.  
27. Nonetheless, one cannot be ignorant of the fact 
that the mandate to keep all the stray dogs , picked 
up from  Delhi and the adjoining  NCR cities , in the 
municipal shelters/pounds  would require logistics of 
gargantuan proportions including manpower, 
shelters/pounds , veterinarians, cages and specially 
modified vehicles for transportation of the captured 
stray dogs.  
28. The provision in Rule 11( 19) that the dogs , upon 
sterilisation and immunisation , should be relocated 
to the same locality from wh ich they have been picked 
up, is scientifically carved out inasmuch  as it serves 
two purposes. Firstly, the same prevents the scope  of 
overcrowding in the dog shelters/pounds , and 
secondly, the picked -up stray dogs after 14 
 immunisation and ster ilisation are relocated to the 
same environment where they were living earlier , 
which is a compassionate treatment.  
29. The aggressive sterilisation would definitely put 
a curb on the rapid growth of the stray dog 
population , ultimately leading to its reduction. 
However, this is possible only in an idealistic 
situation , which seems unlikely in the present 
scenario.  
30. It was argued by some of the counsels appearing 
for the animal lovers  that the process of ster ilisation 
and inoculation has worked wonders in many towns 
across the country  and has significantly brought 
down the population  of stray dogs . To be specific, it 
was pointed out that towns like Dehradun and 
Lucknow , which have taken aggressive measures for 
sterilisation , etc., as per the ABC Rules, have seen a 
steady decline in the population of stray dogs . A 
suggestion has also been received that chemical 
castration is a safe, painless , and effective mode of 
sterilisation.  15 
 31. Thus, the direction given in the order dated 11th 
August, 2025 , prohibiting the release of the treated 
and vaccinated dogs seems to be too harsh, in our 
opinion.  
32. It cannot be gainsaid that before any direction 
for impounding the entire str ay dog population is 
given, it would be necessary to have a look at the 
existing infrastructure and human resource s 
available with the municipal bodies. A blanket 
direction to pick up all the strays and place them in 
dog shelters /pounds  without evaluating the existing 
infrastructure may lead to a catch -22 situation 
because such directions may be impossible to comply  
with. 
33. We, therefore, feel that a holistic approach 
requires mollification of the directions issued vide 
order dated 11th August, 2025.  Accordingly, the 
directions issued by the two -Judge bench of this 
Court are supplemented, modified , and clarified in 
the terms indicated below: - 16 
 a. Municipal authorities shall continue to comply 
with the direction s contained in paras 12(i) and 
12(ii)  of the subject order.  
b. The directions contained in paras 12(iii)  and 
12(iv) , to the extent that they prohibit the release 
of the picked up  strays, shall be kept in abeyance  
for the time being . The dogs that are picked up 
shall be sterilised, dewormed , vaccinated , and 
released back to the same area from wh ich they 
were picked up.  
It is, however,  clarified that this relocation shall 
not apply to the dogs infected with rabies  or 
suspected to be infected with rabies , and those 
that display  aggressive behaviour. Such dogs shall 
be sterilised and immunised , but under  no 
circumstance s should  they be released back onto 
the streets. Furthermore, as far as possible, such 
stray dogs shall be kept in a separate 
pound/shelter after sterilisation and 
immunisation.  
c. The directions contained in para 12(v)  shall 
remain  subject to the direction s given  by us in 
paras (a) and (b).  17 
 d. Municipal authorities shall forthwith commence 
an exercise for creating dedicated feeding spaces 
for the st ray dogs in each municipal ward . The 
feeding areas shall be created/identified keeping 
in view the population and concentration of stray 
dogs in the particular municipal ward.  
Gantries/notice boards shall be placed near such 
designated feeding areas, mentioning that stray 
dogs shall only be fed in such area s. Under  no 
condition shall the feeding of stray  dogs on the 
streets be permitted. The persons found feeding 
the dogs on the streets in contravention of the 
above direction s shall be liable to be proceeded 
against under the relevant legal framework.  
The afores aid direction s are being issued in view 
of the reports regarding untoward incidents 
caused by unregulated feeding of stray dogs and to 
ensure that the practice of feeding dogs on roads 
and in public places is eliminated , as t he said 
practice creates great difficulties for the common 
man walking on the streets.  
e. Each  municipal  authority  shall cr eate a dedicated 
helpline number for reporting incidents of violation 
of the above directions. On such a report being 18 
 received, appropriate measures shall be taken 
against the individuals /NGOs  concerned.  
f. The direction given in para 13  of the order dated 
11th August 2025 , is reiterated with a slight 
modification that no individual or organisation 
shall cause any hindrance or obstruction in the 
effective implementation of the directions given 
above. In case any public servant acting in 
compliance with the a foresaid  directions is 
obstructed, then the violator /s shall be liable to 
face prosecution for obstructing the public servant 
acting in discharge of official duty.  
g. Each individual dog lover  and each NGO  that has 
approached  this Court  shall deposit a sum of 
Rs.25,000/ - and Rs.2,00,000/ -, respectively,  with 
the Registry of this Court within a period of 7 days , 
failing which they shall not be allowed to appear in 
the matter  any further. The amount s so deposited  
shall be utilised in the creation of the 
infrastructure and facilities for the str ay dogs 
under the aegis of the respective municipal bodies.  
h. The desirous animal lover/s shall be free to move 
the application to the concerned municipal body 
for adoption of the street dogs , upon which the 19 
 identified/selected street dog /s shall be tagged 
and given in adoption to the applicant. It shall be 
the responsibility of the applicant(s) to ensure that 
the adopted stray dogs do not return to the streets.   
i. The municipal authorities shall file an affidavit of 
compliance with complete statistics of resources, 
viz., dog pounds, veterinarians, dog catching 
personnel, specially modified vehicles/cages 
available as on date for the purpose of compliance 
of the ABC Rules.  
 
34. Since the application of the ABC Rules is 
uniform all over the country and the same issues 
which have been taken up in the Suo Moto Writ 
Petition have either cropped up or are likely to exist 
in every State, we propose to expand the scope of this 
matter beyond the confines of New Delhi and the NCR 
region.  
35. For this purpose, we hereby direct the 
impleadment of all States and Union Territories in 
this matter through the Secretaries concerned of the 
Animal Husbandry Department, Secretaries of the 
local bodies (Municipal Corporation, Municipal 
Councils, Municip alities, etc.) and the 20 
 Administrators of the Union Territories so as to seek 
information from each authority regarding the steps 
being taken for compliance of the ABC Rules in their 
respective jurisdictions.  
36. We are also informed that numerous writ 
petitions/ suo moto  petitions are pending in various 
High Courts, more or less dealing with common 
issues. Hence, the Registry shall seek information 
about such pending writ petitions from the Registrar 
Generals of all the High Courts, and thereafter, these 
writ petitions sh all stand transferred to this Court for 
analogous consideration along with the main matter.  
37. List the matters after eight weeks for further 
directions and for receiving the compliance report.  
 
  
…………………....…J.  
                           (VIKRAM NATH)  
 
………………… …….J. 
                           (SANDEEP  MEHTA)  
 
………………… …….J. 
(N. V. ANJARIA)  
 
NEW DELHI;  
AUGUST 22, 2025.  ","{""usage"": {""text_units"": 3, ""text_characters"": 23037, ""features"": 2}, ""language"": ""en"", ""keywords"": [{""text"": ""dog attack"", ""relevance"": 0.637848, ""count"": 1}, {""text"": ""following directions"", ""relevance"": 0.603439, ""count"": 1}, {""text"": ""above concerned authorities"", ""relevance"": 0.578139, ""count"": 1}, {""text"": ""suo moto cognizance"", ""relevance"": 0.574162, ""count"": 1}, {""text"": ""SUPREME COURT OF INDIA"", ""relevance"": 0.568786, ""count"": 1}, {""text"": ""dog-attack -family -alleges"", ""relevance"": 0.565959, ""count"": 1}, {""text"": ""municipal authorities"", ""relevance"": 0.564563, ""count"": 6}, {""text"": ""11th August"", ""relevance"": 0.558219, ""count"": 13}, {""text"": ""stray dogs"", ""relevance"": 0.554642, ""count"": 15}, {""text"": ""aforesaid directions"", ""relevance"": 0.552793, ""count"": 3}], ""entities"": [{""type"": ""Date"", ""text"": ""August, 2025"", ""relevance"": 0.949687, ""count"": 8, ""confidence"": 0.99853}, {""type"": ""Organization"", ""text"": ""ABC Rules"", ""relevance"": 0.837135, ""count"": 9, ""confidence"": 0.999997}, {""type"": ""Date"", ""text"": ""2025"", ""relevance"": 0.69844, ""count"": 7, ""confidence"": 0.99961}, {""type"": ""Ordinal"", ""text"": ""11th"", ""relevance"": 0.673418, ""count"": 13, ""confidence"": 0.999997}, {""type"": ""Location"", ""text"": ""Delhi"", ""relevance"": 0.634223, ""count"": 8, ""confidence"": 1.0}, {""type"": ""Organization"", ""text"": ""SLP(CIVIL"", ""relevance"": 0.594585, ""count"": 2, ""confidence"": 0.581073}, {""type"": ""Location"", ""text"": ""Gurugram"", ""relevance"": 0.56636, ""count"": 2, ""confidence"": 0.936025}, {""type"": ""Person"", ""text"": ""Shri Mehta"", ""relevance"": 0.4943, ""count"": 3, ""confidence"": 0.999525}, {""type"": ""Date"", ""text"": ""August 2025"", ""relevance"": 0.491811, ""count"": 3, ""confidence"": 0.974504}, {""type"": ""Date"", ""text"": ""11th August, 2025"", ""relevance"": 0.48247, ""count"": 2, ""confidence"": 0.560359}]}"
