score,text,source
0.649954855,"appropriate and adequate shelter homes and pounds 
across the National Capital Region.  
13. Any hindrance or obstruction that may be 
caused by any individual or organization in the 
smooth and effective implementation of our 
aforesaid directions will be viewed as contempt of 
this Court and we shall proceed to take appropriate 
action in accordance with law. ” 
                                                     (Emphasis supplied)  
 
3. It may be noted  that, in the intervening period, 
several  interlocutory applications for intervention 
came to be  filed purportedly by individuals and 
organisations working for the  welfare of the stray 
dogs2, seeking a stay on the directions contained in 
the order dated 11th August, 2025.   
4. The issue involved in the se petitions placed 
before the three -Judge Bench  centres  around the 
right of the stray  dogs to live on the streets, vis-à-vis, 
the safety and security of the citizens particularly the",case2_full.json
0.625732481,"Fundamental Right to Freedom of Expression  
guaranteed to  the citizens  under  Article 19 of the 
Constitution of India.   8 
 14. It was further submitted that there is an 
imminent risk that the str ay dogs who are being 
picked up in compliance with this Court’s order may 
be culled because the municipal authorities  are not 
seized of the logistic capability and wherewithal to 
create  the large number of  dog shelters /pounds , 
which would be required to  cater  lakhs of stray dogs 
estimated to be present on the streets of New Delhi 
and NCR region. Since the municipal authorities  do 
not have the required capacity, there is a looming  
possibility that the stray dogs, after being picked up, 
would be eliminated so as to show compliance of the 
order dated 11th August, 2025.  It was also submitted 
that almost 700 stray dogs have already been picked 
up, and there is no information as to the fate of the 
said stray dogs. They apprehend that a large",case2_full.json
0.623757362,"sterili sation  and immunisation , is in clear violation of 
Rule 11( 19) of the ABC  Rules framed under the 
provisions of the Prevention of Cruelty to Animals 
Act, 1960 . It was submitted that , under the  said Rule, 
the concerned authorities are mandated to ster ilise 
and immunise  the stray dogs  and to release them in 
the same area from which they were picked up . 
12. It was further submitted that under the garb of  
order dated 11th August, 2025, the municipal 
authorities have already started rounding up the 
stray dogs . Not only this, the animal lovers, who feed  
the stray  dogs,  are being harassed and threatened 
with prosecution.  
13. It was strenuously  submitted that the direction 
to initiate  contempt  proceedings against the animal 
lovers amounts to a direct  encroachment upon  the 
Fundamental Right to Freedom of Expression  
guaranteed to  the citizens  under  Article 19 of the 
Constitution of India.   8 
 14. It was further submitted that there is an",case2_full.json
0.623592377,"before the three -Judge Bench  centres  around the 
right of the stray  dogs to live on the streets, vis-à-vis, 
the safety and security of the citizens particularly the 
kids and elderly  people  from the se very  stray  dogs, 
many of whom are suspected to be infected with the 
 
2 Hereinafter, referred to as ‘animal  lovers’.  4 
 communicable  disease , i.e., rabies. It is indisputable 
that human beings b itten by rabi d dogs suffer 
indescribably , and many times, the infection  prove s 
to be  fatal.   
5. For better understanding, a brief description of 
the issues raised in the other petitions apart from the 
Suo Moto Writ Petition  listed before us is necessary.  
6. Special Leave Petition (Civil) No. 14763 of 20243 
lays a challenge to the order  dated 18th August, 2023  
passed by the High Court of Delhi , wherein the 
Division Bench expressed its satisfaction over the 
task of sterili sation  and immuni sation  of street dogs",case2_full.json
0.607246459,"exercise so that the order dated 11th August, 2025 , 
can be taken to its logical conclusion while keeping 
its ambit  within the contour of the legal framework, 
i.e., the ABC Rules, 2023.  
24. The two -Judge Bench in para 12(iii)  and 12(iv)  
of its order  has directed that the stray dogs shall be 
captured, sterilised, dewormed , and immunised as 
per the ABC Rules , but “they shall in no 
circumstance be  released back  onto the streets .” 
There is a further  mandate in the order that all the 
rounded -up str ay dogs shall be kept in the 
shelters/pounds without there being any scope for 
release.  
25. The framework of the ABC Rules, to be specific, 
Rule 11(19) clearly provides that once the stray dogs 
have been sterilised , inoculated , and dewormed, they 13 
 have to be released back in the same locality  from 
which they were picked up . 
26. The directions given in paras 12(iii)  and 12(iv)  
are for ensuring that t he same number of stray  dogs",case2_full.json
